{"microbit":{"DFRobot_Gesture_Touch.h":{"AllObj":["!DFScratch/extensions/liliang-gesturetouchsensor-thirdex/arduinoC/libraries/DFRobot_Gesture_Touch/microbit/DFRobot_Gesture_Touch.cpp.o"],"AllIncludes":["/arduino/hardware/dfrobot/nRF5/cores/nRF5","/arduino/hardware/dfrobot/nRF5/variants/BBCmicrobit","!DFScratch/extensions/liliang-gesturetouchsensor-thirdex/arduinoC/libraries/DFRobot_Gesture_Touch"]}},"mpython":{"DFRobot_Gesture_Touch.h":{"AllObj":["!DFScratch/extensions/liliang-gesturetouchsensor-thirdex/arduinoC/libraries/DFRobot_Gesture_Touch/mpython/DFRobot_Gesture_Touch.cpp.o"],"AllIncludes":["/arduino/hardware/dfrobot/mpython/cores/esp32","/arduino/hardware/dfrobot/mpython/variants/mpython","!DFScratch/extensions/liliang-gesturetouchsensor-thirdex/arduinoC/libraries/DFRobot_Gesture_Touch"]}},"uno":{"DFRobot_Gesture_Touch.h":{"AllObj":["!DFScratch/extensions/liliang-gesturetouchsensor-thirdex/arduinoC/libraries/DFRobot_Gesture_Touch/uno/DFRobot_Gesture_Touch.cpp.o"],"AllIncludes":["/arduino/hardware/arduino/avr/cores/arduino","/arduino/hardware/arduino/avr/variants/standard","!DFScratch/extensions/liliang-gesturetouchsensor-thirdex/arduinoC/libraries/DFRobot_Gesture_Touch"]}},"leonardo":{"DFRobot_Gesture_Touch.h":{"AllObj":["!DFScratch/extensions/liliang-gesturetouchsensor-thirdex/arduinoC/libraries/DFRobot_Gesture_Touch/leonardo/DFRobot_Gesture_Touch.cpp.o"],"AllIncludes":["/arduino/hardware/arduino/avr/cores/arduino","/arduino/hardware/arduino/avr/variants/leonardo","!DFScratch/extensions/liliang-gesturetouchsensor-thirdex/arduinoC/libraries/DFRobot_Gesture_Touch"]}},"mega2560":{"DFRobot_Gesture_Touch.h":{"AllObj":["!DFScratch/extensions/liliang-gesturetouchsensor-thirdex/arduinoC/libraries/DFRobot_Gesture_Touch/mega2560/DFRobot_Gesture_Touch.cpp.o"],"AllIncludes":["/arduino/hardware/arduino/avr/cores/arduino","/arduino/hardware/arduino/avr/variants/mega","!DFScratch/extensions/liliang-gesturetouchsensor-thirdex/arduinoC/libraries/DFRobot_Gesture_Touch"]}}}